source_platform,source_url,date,review_text,product_mentioned,rating,country_language,author_name
google_play,https://play.google.com/store/apps/details?id=com.myntra.android&reviewId=7b504317-baff-406b-aa5f-798ef43096fa,2026-08-19T19:16:51,very nice and perfect size with comfortable...so beautiful ❤️ ❤️ ❤️ i like it...,general,5.0,IN/en,
google_play,https://play.google.com/store/apps/details?id=com.myntra.android&reviewId=4eccf293-a114-404c-9167-b939a60f50bb,2026-08-19T19:16:14,app is good with good rates but the platform fees is too high,general,5.0,IN/en,
google_play,https://play.google.com/store/apps/details?id=com.myntra.android&reviewId=1cc42b94-d16d-43cf-a9e4-219fe7e4eb22,2026-08-19T19:11:46,"​""Extremely disappointed with Myntra's terrible service and policies. I ordered an iron, but they refused to process either a return or an exchange, completely forcing the item on me. To make matters worse, I ordered a pair of trousers from a different account, and the exact same thing happened—they forced me to keep it and refused to take it back. Myntra has become the worst and most unreliable shopping app. I strongly advise everyone to avoid buying anything from here.""",general,1.0,IN/en,
google_play,https://play.google.com/store/apps/details?id=com.myntra.android&reviewId=a6ac663b-036a-4477-b817-c5f4b0b1e29a,2026-08-19T19:10:34,found it best among all other shopping apps.,general,5.0,IN/en,
google_play,https://play.google.com/store/apps/details?id=com.myntra.android&reviewId=5add831c-1f52-41be-a781-9d3f99a7aecf,2026-08-19T19:06:46,Unable to cancel order .....,general,4.0,IN/en,
google_play,https://play.google.com/store/apps/details?id=com.myntra.android&reviewId=ed73c16a-6e76-47a7-831a-3ebaa7b31054,2026-08-19T19:06:02,good product 👍😄,general,5.0,IN/en,
google_play,https://play.google.com/store/apps/details?id=com.myntra.android&reviewId=0c7bbfb5-4ea6-43e2-816e-4911c1105c77,2026-08-19T19:05:46,i loved it,general,5.0,IN/en,
google_play,https://play.google.com/store/apps/details?id=com.myntra.android&reviewId=89f1ab8f-a181-4893-9184-3258805ed880,2026-08-19T19:05:45,myntra is fraud now a days they are not refunding our money and not even respond calls or messages or e-mail. instead of correct bank details they are showing incorrect and not refunding money.,general,1.0,IN/en,
google_play,https://play.google.com/store/apps/details?id=com.myntra.android&reviewId=0ce25428-3562-4715-9919-7d913577a2a7,2026-08-19T18:57:56,Good quality products,general,5.0,IN/en,
google_play,https://play.google.com/store/apps/details?id=com.myntra.android&reviewId=59629c47-04f5-4467-b472-603957a1e8d0,2026-08-19T18:53:10,i have purchase many products on this app all product was awesome I suggest other people for purchase items from myntra app. authentic brands original products and the quality is very good of all products.,general,5.0,IN/en,
google_play,https://play.google.com/store/apps/details?id=com.myntra.android&reviewId=ce28305b-45b7-44e5-b015-02e80a57ada8,2026-08-19T18:51:48,value for money products.,general,5.0,IN/en,
google_play,https://play.google.com/store/apps/details?id=com.myntra.android&reviewId=9a62baca-4616-4db1-8dcb-7633a709ec11,2026-08-19T18:41:20,the delivery system is very amazing as ingot the exchange delivered in time .So did the myntra responded to my concerns,general,5.0,IN/en,
google_play,https://play.google.com/store/apps/details?id=com.myntra.android&reviewId=44fc2703-dee2-48f9-b6b8-c141f04a6228,2026-08-19T18:32:21,very bad Myntra bhai likha kar bata raha hu ki 100 ki chiz ko ye 500 ki dete h aj hi mai ne paint mangai h ek dam bekar quality ki di h Mt lo bhai log Myntra se,general,1.0,IN/en,
google_play,https://play.google.com/store/apps/details?id=com.myntra.android&reviewId=df845034-e8a4-41b7-80ef-5b45defba255,2026-08-19T18:27:26,Overall Good Experience,general,5.0,IN/en,
google_play,https://play.google.com/store/apps/details?id=com.myntra.android&reviewId=dd9efba1-3987-45b9-8c00-9575a2cca41f,2026-08-19T18:23:29,I lovethis app sooo much gives reasonable prices i ordered a pack of aqualogica body mist on its original website and on purple it costs 1000 and I bought it just for 699,general,5.0,IN/en,
google_play,https://play.google.com/store/apps/details?id=com.myntra.android&reviewId=2683e562-bec5-4dad-94ab-e9308f511862,2026-08-19T18:22:39,extremely poor grievance redressal mechanism there is no contact with the customer care team - its impossible to access people there - i am done with talking to bots no one picks up the customer care no. extremely poor performance - very unsatisfied,general,1.0,IN/en,
google_play,https://play.google.com/store/apps/details?id=com.myntra.android&reviewId=64c896c4-ba0b-4714-b4b0-90314fbab73b,2026-08-19T18:20:59,easy delivery process.good app,general,5.0,IN/en,
google_play,https://play.google.com/store/apps/details?id=com.myntra.android&reviewId=49ed4ed0-5e95-48b0-bc25-75348c460b6d,2026-08-19T18:11:35,Myntra ek number ka ghatiya aur froad banane ke liye aaya Hai ek order delivery karne ke liye ine logon ko ek Mahina lagta hai mere ko date by date dete ja raha hai ek number ka ghatiya hai koi bhi inse kuchh nahin Kar dega Flipkart meesho bahut badhiya hai 😡,general,1.0,IN/en,
google_play,https://play.google.com/store/apps/details?id=com.myntra.android&reviewId=d23130cc-5c33-4046-9aea-5980defbbb17,2026-08-19T18:09:27,"Your filter is not working in the mobile App. Once you select the filters, there is no provision to apply the filters.",general,4.0,IN/en,
google_play,https://play.google.com/store/apps/details?id=com.myntra.android&reviewId=88dce93c-ce33-4258-9ee0-1a2562b654b7,2026-08-19T18:08:08,This app makes shopping so easy and joyful 🫶🏻,general,5.0,IN/en,
google_play,https://play.google.com/store/apps/details?id=com.myntra.android&reviewId=d48efece-36b3-4aa5-b844-3df064fe93d7,2026-08-19T18:06:52,I just love this app the fast delivery ooh la laaa😭😭,general,5.0,IN/en,
google_play,https://play.google.com/store/apps/details?id=com.myntra.android&reviewId=71214de4-8745-4906-8787-134a6f4b1570,2026-08-19T18:04:16,khup sundar aap aahe khup swst n best mal aahe pls sarvani shoping kara,general,5.0,IN/en,
google_play,https://play.google.com/store/apps/details?id=com.myntra.android&reviewId=0e51a138-5622-4e14-83ff-623e5f662902,2026-08-19T18:04:07,very nice app,general,5.0,IN/en,
google_play,https://play.google.com/store/apps/details?id=com.myntra.android&reviewId=f235077c-736d-4b51-b31a-6f0d144619e3,2026-08-19T18:02:07,very good app,general,5.0,IN/en,
google_play,https://play.google.com/store/apps/details?id=com.myntra.android&reviewId=b9c3036b-398c-4528-9d0f-1b2c011c7730,2026-08-19T18:01:34,this app is very nice,general,5.0,IN/en,
google_play,https://play.google.com/store/apps/details?id=com.myntra.android&reviewId=ab6dcd58-dd3f-4880-9345-6df5fc03e5b3,2026-08-19T18:00:42,"Very disappointed.Myntra deactivated my account without any reason and I complained it by calls, emails but no response.Now I am going to file a complaint with the consumer forum.",general,1.0,IN/en,
google_play,https://play.google.com/store/apps/details?id=com.myntra.android&reviewId=1d74481f-f49a-4fdd-b9c3-031b756aa906,2026-08-19T18:00:39,my experience with myntra is mind blowing very nice products at reasonable price n quality is also top notch. I always shop with myntra only I trust it. happy shopping,general,5.0,IN/en,
google_play,https://play.google.com/store/apps/details?id=com.myntra.android&reviewId=a8f6075c-3fd5-4e85-a4b7-c5be00586945,2026-08-19T17:52:05,Best for online shopping 🛍 😌 Using this app for more than 5 years.,general,5.0,IN/en,
google_play,https://play.google.com/store/apps/details?id=com.myntra.android&reviewId=e4bc67c3-8184-4188-95d1-c6f90779024f,2026-08-19T17:50:47,“Absolutely loved these jeans! The fitting is perfect and the fabric feels really comfortable. The quality is also very good and the jeans look exactly like the pictures. The fit is flattering and easy to style with both crop tops and oversized tops. I’ve worn them for long hours and they’re still comfortable. Definitely worth the price and would recommend them! ❤️”,general,5.0,IN/en,
google_play,https://play.google.com/store/apps/details?id=com.myntra.android&reviewId=755d367e-df31-4c45-b2a1-1cfc34a2b0e0,2026-08-19T17:46:45,"I thought in myntra we get only expensive products, but got best deals which was affordable... cheers",general,5.0,IN/en,
google_play,https://play.google.com/store/apps/details?id=com.myntra.android&reviewId=184268a1-b58b-4bcd-9d05-a756b1844eec,2026-08-19T17:44:08,best shopping app,general,5.0,IN/en,
google_play,https://play.google.com/store/apps/details?id=com.myntra.android&reviewId=69e1552a-85aa-4164-964d-6a940b555dbd,2026-08-19T17:42:08,"It's a good app, good clothes in good prize.",general,5.0,IN/en,
google_play,https://play.google.com/store/apps/details?id=com.myntra.android&reviewId=6a70afdd-51e6-4a5d-ab0c-62e4e35ec602,2026-08-19T17:38:33,"Horrible experience with the delivery, my first order still not delivered",general,1.0,IN/en,
google_play,https://play.google.com/store/apps/details?id=com.myntra.android&reviewId=7a4f87b2-291f-4c31-a8a3-2528122ce587,2026-08-19T17:34:40,it's good for shopping 🛍️🛒 and it can be purchaseable because myntra have best quality product and dress also so we can easily buy this and make happy.. if we start for shopping then it can be give a discount on your order and make affordable price their quality it best and also it give free coupons when we finished shopping and then we earn award for it .. I aslo earn mainy rewards and cash price on it so don't waste your time and jont with myntra and start to shopping 🛒🛍️ make your day,general,5.0,IN/en,
google_play,https://play.google.com/store/apps/details?id=com.myntra.android&reviewId=e8603189-e113-45ce-aacd-149c39477be6,2026-08-19T17:32:20,It is a very good app,general,5.0,IN/en,
google_play,https://play.google.com/store/apps/details?id=com.myntra.android&reviewId=a970ecef-548d-4a9c-bb9e-f58f58759980,2026-08-19T17:31:50,nice bag quality is very good 👍🏻,general,5.0,IN/en,
google_play,https://play.google.com/store/apps/details?id=com.myntra.android&reviewId=0616ad44-f124-45c5-9b81-d78f0f81046d,2026-08-19T17:28:36,very nice 💯 and genuine,general,5.0,IN/en,
google_play,https://play.google.com/store/apps/details?id=com.myntra.android&reviewId=4a01baff-2331-42af-812e-39be22c6e18b,2026-08-19T17:28:01,nice 👍🏻 app,general,5.0,IN/en,
google_play,https://play.google.com/store/apps/details?id=com.myntra.android&reviewId=82943dde-4b03-4559-9e9d-02ebf6d3fdec,2026-08-19T17:26:24,Best app for shopping 🛍️,general,5.0,IN/en,
google_play,https://play.google.com/store/apps/details?id=com.myntra.android&reviewId=8c2ad67a-75b4-409a-ba16-e7f5117dccf5,2026-08-19T17:19:22,good product available this site ☺️,general,5.0,IN/en,
google_play,https://play.google.com/store/apps/details?id=com.myntra.android&reviewId=263af95c-0e0c-4c04-b025-afb49be6205d,2026-08-19T17:16:23,very good quality products,general,5.0,IN/en,
google_play,https://play.google.com/store/apps/details?id=com.myntra.android&reviewId=a3dc7b79-c93d-42a5-9fba-aac2155a3997,2026-08-19T17:10:13,Received expired product and after returning it myntra is not giving full refund,general,1.0,IN/en,
google_play,https://play.google.com/store/apps/details?id=com.myntra.android&reviewId=e9817275-4787-451c-bba3-6c093fd8d3cc,2026-08-19T17:04:05,product of myntra are perfect,general,5.0,IN/en,
google_play,https://play.google.com/store/apps/details?id=com.myntra.android&reviewId=ad2d6841-69ac-4abb-b01a-02cc26515ff1,2026-08-19T16:42:40,received broken product with no brand tags or price tag on return request their delivery partner just says it could not be quality checked and hence the return is put on hold. told this to their customer care they told me to send photos did the same return was scheduled and the delivery partner did the same. I think I will just have to forget about my money as this problem will persist without any real solution,general,1.0,IN/en,
google_play,https://play.google.com/store/apps/details?id=com.myntra.android&reviewId=b56d6678-c1d5-417c-8a0d-1e75dea5c30d,2026-08-19T16:38:54,it's a pleasure to use😍,general,5.0,IN/en,
google_play,https://play.google.com/store/apps/details?id=com.myntra.android&reviewId=e72041a9-76d2-45c6-b068-0b4ae4fcb033,2026-08-19T16:38:39,"very good app for online shopping, i think best in India , it's items are really good quality, and also good policies of payment returns or exchanges or refund",general,5.0,IN/en,
google_play,https://play.google.com/store/apps/details?id=com.myntra.android&reviewId=1a51f4c9-ba74-4e7b-acd5-604cc9415f51,2026-08-19T16:35:52,very nice service and product,general,5.0,IN/en,
google_play,https://play.google.com/store/apps/details?id=com.myntra.android&reviewId=ddd4ebe1-9f84-4e67-b0e2-c72337cb312b,2026-08-19T16:34:16,I just love love love myntra,general,5.0,IN/en,
google_play,https://play.google.com/store/apps/details?id=com.myntra.android&reviewId=1a632552-fa3d-4a55-b2d8-2130b068c1e8,2026-08-19T16:29:37,Customer support and service at its worst. Wrong products are being sent and there is no quick resolution. The bot always says our agents are always busy,general,1.0,IN/en,
google_play,https://play.google.com/store/apps/details?id=com.myntra.android&reviewId=87c695fe-6a19-4e5b-b688-5e118507cb5b,2026-08-19T16:18:29,Is better than flipkart,general,5.0,IN/en,
google_play,https://play.google.com/store/apps/details?id=com.myntra.android&reviewId=5489d211-20be-4cbc-8203-374343b170d2,2026-08-19T16:18:01,"I have been using Mantra for a few years now. Earlier, I used to order only a few things, but now I keep buying something or the other regularly. So far, everything I have ordered has been really good. Especially since they introduced the cashback and daily rewards options, it has been even more beneficial. I’m really happy with the experience. Thank you, Mantra! ❤️",general,5.0,IN/en,
google_play,https://play.google.com/store/apps/details?id=com.myntra.android&reviewId=fd4b865b-09de-4f33-91cf-6f1caf493766,2026-08-19T16:14:56,excellent products and original brands,general,5.0,IN/en,
google_play,https://play.google.com/store/apps/details?id=com.myntra.android&reviewId=28c242e5-c0eb-45c8-a57a-7c9055ad540e,2026-08-19T16:12:02,nice app for online shopping.... They give what they show..,general,5.0,IN/en,
google_play,https://play.google.com/store/apps/details?id=com.myntra.android&reviewId=127f6dfb-7e7f-4c18-ba62-4c10fda3b8cd,2026-08-19T16:08:13,"PATHETIC APP FOR SHOPPING. MY RETURN IS PENDING SINCE A MONTH ALMOST. RECIEVED ON 5 JUNE. RETURN FILED ON 7 . TODAY IS 28 JUNE . LAST DATE FOR RETURN WAS 19. ITS BEEN OVER 9 DAYS STILL IT SHOWING THEY ARE SAYING """" WE ARE LOOKING INTO YUR RETURN. PLEASE WAIT FOR 24 HOURS"""" JUST A PATHETIC SERVICE. YOU GUYS DONT EVEN DESERVE A SINGLE STAR FROM MY POINT OF YOU.",general,1.0,IN/en,
google_play,https://play.google.com/store/apps/details?id=com.myntra.android&reviewId=b8761c62-fd84-46a1-aa8d-120ee2552963,2026-08-19T16:02:50,very fast and good condition delivery service.,general,5.0,IN/en,
google_play,https://play.google.com/store/apps/details?id=com.myntra.android&reviewId=0e2974c9-0e20-431e-af23-b7542ab3be38,2026-08-19T16:01:10,myntra is trustable app 🤌 I have purchased from myntra and i received orders in well manner and quality of cloth is awesome 👌,general,5.0,IN/en,
google_play,https://play.google.com/store/apps/details?id=com.myntra.android&reviewId=749cc4a9-9ad4-468f-9997-34bab1874f2a,2026-08-19T15:58:09,"best app for clothes, affordable",general,5.0,IN/en,
google_play,https://play.google.com/store/apps/details?id=com.myntra.android&reviewId=0a99d124-0138-4f07-8b46-42aafac1efcd,2026-08-19T15:56:51,mast hai sasta hai,general,5.0,IN/en,
google_play,https://play.google.com/store/apps/details?id=com.myntra.android&reviewId=348aaa42-cb86-4626-8580-8dd3c3ff3f08,2026-08-19T15:55:57,very bad experience... i ordered a product in a offer and myntra haven't delivered that product instead of delivering the product they are only showing delay and delay... very bad app and support system is also worst... i am unable to make chat or call with the agent.... worst application don't purchase any product from myntra,general,1.0,IN/en,
google_play,https://play.google.com/store/apps/details?id=com.myntra.android&reviewId=29861749-996b-49ce-99fd-bce5900cd7d4,2026-08-19T15:55:17,good experience recommended it,general,5.0,IN/en,
google_play,https://play.google.com/store/apps/details?id=com.myntra.android&reviewId=43092993-f826-4793-9327-ff36734cf54d,2026-08-19T15:53:15,best app and myncash back bhi acha deta h 👌👌👌,general,5.0,IN/en,
google_play,https://play.google.com/store/apps/details?id=com.myntra.android&reviewId=a3f0d9ab-495a-425e-8164-c93796cd028c,2026-08-19T15:49:39,"irrespansible app, and its worst it is not business app reson i asking some thing not accepted",general,1.0,IN/en,
google_play,https://play.google.com/store/apps/details?id=com.myntra.android&reviewId=51bfdaed-58f2-4715-8c24-ac48867a7993,2026-08-19T15:49:31,I just love how you don't charge a lot on product,general,5.0,IN/en,
google_play,https://play.google.com/store/apps/details?id=com.myntra.android&reviewId=9d9c737d-c2ce-45ec-89e0-c49057e3f7d2,2026-08-19T15:48:42,super I am happy,general,5.0,IN/en,
google_play,https://play.google.com/store/apps/details?id=com.myntra.android&reviewId=f494544b-4963-4659-858b-2e6db32456e5,2026-08-19T15:48:05,"the worst app i cancelled my order in August and today is August 18th, but I still haven't received my refund. I really didn't expect this from Myntra. When will my amount be refunded",general,1.0,IN/en,
google_play,https://play.google.com/store/apps/details?id=com.myntra.android&reviewId=2364ea40-6f8c-4e4a-8f09-ab1bbad30256,2026-08-19T15:42:00,good product as soon as received 👏👌,general,5.0,IN/en,
google_play,https://play.google.com/store/apps/details?id=com.myntra.android&reviewId=5f0627c3-bd29-452f-99da-d7663451167d,2026-08-19T15:39:39,"A very beautiful dress, perfect stich.But the only thing i was dissatisfied is i thought the gold pattern was embroidery but in reality it's just gold print. Otherwise the fit and outlook is really good. Thank you.",general,5.0,IN/en,
google_play,https://play.google.com/store/apps/details?id=com.myntra.android&reviewId=ba5c9926-b629-4b9e-810e-1f3d0f79f020,2026-08-19T15:37:47,without seeing my return product they claimed that they have footage of my product. I am using first time Myntra in my life and this is wrost service. Other apps provided better service as compared to this.wrost service of my life delivery agent update status that quality check failed without seeing my return product and the Myntra team saying that they have investigated and find everything okay. send me the footage if you investigated this. Wrost service they don't care about customer value,general,1.0,IN/en,
google_play,https://play.google.com/store/apps/details?id=com.myntra.android&reviewId=f55b8af8-85fc-46e7-b033-657b766eba82,2026-08-19T15:30:46,I LIKE MYNTRA,general,5.0,IN/en,
google_play,https://play.google.com/store/apps/details?id=com.myntra.android&reviewId=43ef69b5-5eb2-415b-90e2-eaa7249ea2ae,2026-08-19T15:24:10,very useful and time saving app...,general,5.0,IN/en,
google_play,https://play.google.com/store/apps/details?id=com.myntra.android&reviewId=ca0b8fb0-8cb0-4f75-910a-256c9f73aeaf,2026-08-19T15:18:00,my best one and only shopping app. go for itt!!!,general,5.0,IN/en,
google_play,https://play.google.com/store/apps/details?id=com.myntra.android&reviewId=73d10e9f-7e21-4ef1-b7ef-97a10e935a8a,2026-08-19T15:15:17,one of worst service provider and not delivered the item in exact date as mentioned I am this stupid mistake continuously 👎👎,general,1.0,IN/en,
google_play,https://play.google.com/store/apps/details?id=com.myntra.android&reviewId=41358318-29cc-4b18-82a6-f5f533fb0de0,2026-08-19T15:08:04,myntra app really awesome 👍....I am so glad to use it...,general,5.0,IN/en,
google_play,https://play.google.com/store/apps/details?id=com.myntra.android&reviewId=b31dcb8b-5140-437a-a656-c7b92352b57c,2026-08-19T15:05:58,fast delivari and good produced,general,5.0,IN/en,
google_play,https://play.google.com/store/apps/details?id=com.myntra.android&reviewId=ed331217-ac1b-47e6-8301-253eef720461,2026-08-19T15:01:57,"Extremely disappointed with Myntra's service. The product quality is terrible, delivery was heavily delayed, and the customer support is completely unhelpful. Definitely not recommended. 1/5 stars.""",general,1.0,IN/en,
google_play,https://play.google.com/store/apps/details?id=com.myntra.android&reviewId=d7ab8ac4-f7e6-44ab-862b-c96b19e644b9,2026-08-19T15:01:37,Good to use easy to use and it is trusted also,general,5.0,IN/en,
google_play,https://play.google.com/store/apps/details?id=com.myntra.android&reviewId=abc0ef45-59cd-4782-bfd3-451b43dfe6ed,2026-08-19T14:58:55,nice app with exciting offers,general,5.0,IN/en,
google_play,https://play.google.com/store/apps/details?id=com.myntra.android&reviewId=5cae7981-3861-4668-bb8a-001f175c29af,2026-08-19T14:57:43,best shopping app... i am really happy,general,5.0,IN/en,
google_play,https://play.google.com/store/apps/details?id=com.myntra.android&reviewId=7651c953-0762-4c09-8588-bdcced15dded,2026-08-19T14:36:58,wonderful app for shopping,general,5.0,IN/en,
google_play,https://play.google.com/store/apps/details?id=com.myntra.android&reviewId=25e76cb9-825c-42a7-85bf-bbf7d05fc930,2026-08-19T14:36:39,very nice 💯,general,5.0,IN/en,
google_play,https://play.google.com/store/apps/details?id=com.myntra.android&reviewId=4c0ff5bb-8feb-4ab5-9c07-e8b75b997370,2026-08-19T14:25:59,customer friendly app too good,general,5.0,IN/en,
google_play,https://play.google.com/store/apps/details?id=com.myntra.android&reviewId=a37d9f15-6944-4f00-94d3-cb9d2add5cb1,2026-08-19T14:22:26,"Fantastic experience in ordering, payment and product detailing",general,5.0,IN/en,
google_play,https://play.google.com/store/apps/details?id=com.myntra.android&reviewId=d4f52aa8-6126-4bf2-b3a2-dded6b932318,2026-08-19T14:19:07,excellent customer service app 👍 product quality always in good condition and service is good I am always purchasing by this app,general,5.0,IN/en,
google_play,https://play.google.com/store/apps/details?id=com.myntra.android&reviewId=7c84660d-f780-4ec0-9d14-4b87c640467e,2026-08-19T14:17:54,don't deliver on the said date delivery is always delivered delayed and cancel themselves and say that the order is cancelled for unwanted reasons my multiple orders have been cancelled unwanted reasons most worst thing is that day charge platform fee cash on handling fee which is not refundable if the product is returned,general,1.0,IN/en,
google_play,https://play.google.com/store/apps/details?id=com.myntra.android&reviewId=cad62812-e514-46bb-b0ca-4c586987ea94,2026-08-19T14:17:22,very good aap,general,5.0,IN/en,
google_play,https://play.google.com/store/apps/details?id=com.myntra.android&reviewId=8f4a6808-5f92-411d-a1ef-9558dafdcbe8,2026-08-19T14:14:02,very good product,general,5.0,IN/en,
google_play,https://play.google.com/store/apps/details?id=com.myntra.android&reviewId=93a6b207-e7a4-4d9a-9135-75bcf533e557,2026-08-19T14:12:16,delivery is not faster,general,1.0,IN/en,
google_play,https://play.google.com/store/apps/details?id=com.myntra.android&reviewId=a9edcf07-5b98-4da1-84da-ee507974ddbb,2026-08-19T14:08:18,i trusted on myntra last five years... original product and fast delivery 💖,general,5.0,IN/en,
google_play,https://play.google.com/store/apps/details?id=com.myntra.android&reviewId=6e7d7045-24d7-491e-9e01-a59849122f1d,2026-08-19T13:49:10,it was very much better rakhii,general,5.0,IN/en,
google_play,https://play.google.com/store/apps/details?id=com.myntra.android&reviewId=3c93ada9-b317-4623-88d1-6cdc74c9cf86,2026-08-19T13:45:52,Myntra app is deactivated and not able to longin,general,1.0,IN/en,
google_play,https://play.google.com/store/apps/details?id=com.myntra.android&reviewId=d1961c17-1d8f-40ef-bd5a-7704961c4fee,2026-08-19T13:44:01,wow ! fully satisfied,general,5.0,IN/en,
google_play,https://play.google.com/store/apps/details?id=com.myntra.android&reviewId=8ede650e-999d-412b-a414-92524e52e5a0,2026-08-19T13:43:12,amazing service providers for myntra . i am happy 😁 lowest price get best fashion items provided. thank you 👍🏻😊 myntra,general,5.0,IN/en,
google_play,https://play.google.com/store/apps/details?id=com.myntra.android&reviewId=14ea0ed0-d611-4dbe-96ed-b2f9630275a4,2026-08-19T13:39:14,"myntra is doing amazing especially it's style exchange is so unique , refund is amazing, go for it",general,5.0,IN/en,
google_play,https://play.google.com/store/apps/details?id=com.myntra.android&reviewId=ff526d45-01ba-418f-9366-44b268f088d1,2026-08-19T13:35:09,osm products are been delivered,general,5.0,IN/en,
google_play,https://play.google.com/store/apps/details?id=com.myntra.android&reviewId=c4fd0f5c-443d-4ec3-96af-7711cf02df17,2026-08-19T13:30:05,this app is very good 👍,general,5.0,IN/en,
google_play,https://play.google.com/store/apps/details?id=com.myntra.android&reviewId=18685182-1bf4-41d4-b726-08f790fa253a,2026-08-19T13:22:47,absolutely 100% original quality,general,4.0,IN/en,
google_play,https://play.google.com/store/apps/details?id=com.myntra.android&reviewId=acd17f58-f3b8-4aa5-bb2f-848b038e5ef2,2026-08-19T13:12:07,very good experience 😃👍,general,5.0,IN/en,
google_play,https://play.google.com/store/apps/details?id=com.myntra.android&reviewId=ef81aeb8-d6a8-4f12-a34b-f5e22ae9977c,2026-08-19T13:09:03,the product Myntra shows is one of best quality,general,5.0,IN/en,
google_play,https://play.google.com/store/apps/details?id=com.myntra.android&reviewId=a86a9477-f21f-4eda-b279-fc18fb5d0015,2026-08-19T13:05:05,love this app,general,5.0,IN/en,
google_play,https://play.google.com/store/apps/details?id=com.myntra.android&reviewId=b9950f9a-bc14-4c3f-93b2-beece509000b,2026-08-19T13:00:34,poor experience and A lot of scams happen on Myntra.,general,1.0,IN/en,
google_play,https://play.google.com/store/apps/details?id=com.myntra.android&reviewId=f834b05c-2aaa-4ce9-9c1e-c8b36162e82f,2026-08-19T13:00:22,very good app....For brand purchase...original and authentic product ... Good for it ....,general,5.0,IN/en,
google_play,https://play.google.com/store/apps/details?id=com.myntra.android&reviewId=d3b0989b-b95b-4310-8278-9c74bd5c7e5f,2026-08-19T12:57:55,veryyyy veryy6 goodddd 💗🫶🏻,general,5.0,IN/en,
google_play,https://play.google.com/store/apps/details?id=com.myntra.android&reviewId=8458363a-579c-4744-af6c-a90b5c344b83,2026-08-19T12:55:03,Bakawas service Bakawas App....All Time Delivered Fake and duplicate products.. return option is not visible...1 Monthno one pick up return order .... customer service also disgusting please don't use Myntra app it's very very bad,general,1.0,IN/en,
google_play,https://play.google.com/store/apps/details?id=com.myntra.android&reviewId=f967a89e-7664-409d-98b0-0b25944e15e4,2026-08-19T12:54:34,Good quality and varieties of products are available at Myntra you must visit and buy accordingly.,general,5.0,IN/en,
google_play,https://play.google.com/store/apps/details?id=com.myntra.android&reviewId=938a1b7e-3b37-44f3-b065-36a1d31d6492,2026-08-19T12:54:00,been using Myntra for about 12 years. over the years they have improved a lot and gives peace of mind in choosing genuine products. however the platform fee is too high,general,4.0,IN/en,
google_play,https://play.google.com/store/apps/details?id=com.myntra.android&reviewId=90e46fdc-d7d7-4858-8957-8801ed1ba923,2026-08-19T12:52:26,Myntra is honestly one of my favourite shopping apps! ❤️ The app is very easy to use. the collection is amazing & there are always great discounts & offers. I love how easy it is to search products compare options & check reviews before buying. The product variety is excellent & the overall shopping experience is smooth and convenient. 🛍️ Delivery & packaging have also been good in my experience & the return/exchange process is quite convenient. Thank u Myntra for making online shopping so easy,general,5.0,IN/en,
google_play,https://play.google.com/store/apps/details?id=com.myntra.android&reviewId=e5973c57-1640-4ae7-900d-b3fe74dca1a1,2026-08-19T12:51:43,nice app and great product take a but longer for deliver products,general,5.0,IN/en,
google_play,https://play.google.com/store/apps/details?id=com.myntra.android&reviewId=8e507734-7f37-499d-84c6-bd2065015978,2026-08-19T12:50:53,"Good, but not budget friendly for everyone!",general,5.0,IN/en,
google_play,https://play.google.com/store/apps/details?id=com.myntra.android&reviewId=f550ea2a-ef78-4330-95f4-ed0900093de8,2026-08-19T12:50:13,myntra sarvice sabse bekar hai mara order 14 August ko delivered hona tha or aaj 19 august ho gyi hai aaj tak Oder nhi aaya inki helpline pr baat kro to next time next bolte hai koi kuch bhi help nhi krte sabse bekar platform hai 👎👎👎,general,1.0,IN/en,
google_play,https://play.google.com/store/apps/details?id=com.myntra.android&reviewId=12a8be28-417f-45a9-b2f2-b759e364ae6c,2026-08-19T12:47:42,Best quality of product,general,5.0,IN/en,
google_play,https://play.google.com/store/apps/details?id=com.myntra.android&reviewId=299e8818-893e-4de7-9a11-56fd8e20ad8c,2026-08-19T12:45:02,"today 19 Jul 26 almost 70 days passed, I returned a product worth ₹10,999 but have still not received my refund since 8 jun 26 order. Customer support keeps giving different instructions—first chargeback, then bank statement, bank details, and now a bank denial letter. I have submitted every document requested, yet there is no resolution. I have spent weeks following up and visiting my bank. worst ever merchant in my life. please don't buy anything here 🙏. myntra is complete fraud and scam.",general,1.0,IN/en,
google_play,https://play.google.com/store/apps/details?id=com.myntra.android&reviewId=94d225c5-60b3-4d33-8410-64b62751d708,2026-08-19T12:42:28,Myntra's return policy is complicated when you receive the wrong product. I have been waiting for days and still the issue is not getting resolved. Also their packaging is the worst.,general,1.0,IN/en,
Reddit,https://www.reddit.com/r/IndianFashionAddicts/comments/1j4q1sg/a_small_gift_for_my_girlfriend/,2025-03-06T07:20:40+00:00,"A Small Gift for My Girlfriend. Dressberry   Tokyo Talkies   Miss Chase   Athena   Miss Chase     All from Myntra.   We're moving in together soon and thought of surprising her with these.   Not to worry, these were pre-approved by her and taken from her wishlist. She just doesn't know I got them.   Just wanted to share a little update. Have a nice day.      submitted by     /u/1PerpetuallyAnxious      [link]   [comments]",,,,/u/1PerpetuallyAnxious
Reddit,https://www.reddit.com/r/IndianFashionAddicts/comments/1umsu9n/do_people_actually_buy_clothes_for_their_real/,2026-07-03T23:02:29+00:00,"Do people actually buy clothes for their real life anymore or just for the vibe?. I was cleaning my wishlist yesterday and realised half the clothes I save are not for anything I actually have planned like I’ll see a cute top or a dress on Savana or myntra and immediately think “this would be nice for a cafe day” or “this would look good on a trip” but then my week is office, errands, family stuff and maybe one dinner if I’m lucky.   It made me wonder if this is just how online shopping has become now like we dont only buy clothes for need, we buy for some version of ourselves we want to feel like.   For people here especially those who shop online a lot, do you buy clothes based on actual use or based on the mood/look you want wnd how do you stop yourself from buying things that only make sense in your head?      submitted by     /u/DragZealousidealll      [link]   [comments]",,,,/u/DragZealousidealll
Reddit,https://www.reddit.com/r/IndianFashionAddicts/comments/1usv248/want_recommendations_for_a_dress_to_wear_on_my/,2026-07-10T17:57:14+00:00,"Want recommendations for a dress to wear on my graduation. I’m 23F, a medical student graduating soon. I need help figuring out what to wear. I wanna wear somet sparkly, shiny, preferably a gown or dress. Girlies, please share me the pics of your recent favourites or something from your wishlist. I’ve tried searching in myntra and I didn’t find anything that suits me. Thank you all in advance       submitted by     /u/Witch_In_Scrubs      [link]   [comments]",,,,/u/Witch_In_Scrubs
Reddit,https://www.reddit.com/r/IndianFashionAddicts/comments/1lkuxa9/got_some_hacks_for_buying_dresses_on_savannah/,2025-06-26T08:36:07+00:00,"Got Some Hacks for Buying Dresses on Savannah - Need Similar Tips for Boys!. Hey everyone!   I recently discovered some awesome hacks for shopping on Savana and managed to buy 7 dresses for just ₹5,000! I think I can get an even better deal if I try a bit more.   Now I’m curious– does anyone know if there are similar deals or hacks/app available for boys’ clothing, like how there are for girls? Or is this kind of thing only common for girls’ fashion everywhere?   If you or anyone you know has any tips or tricks, please share! Would love to hear your thoughts.   Thanks in advance!      submitted by     /u/fastesttflash      [link]   [comments]",,,,/u/fastesttflash
Reddit,https://www.reddit.com/r/IndianFashionAddicts/comments/1knlqm0/where_to_buy_these_kinds_of_slipons_and_what/,2025-05-15T22:48:29+00:00,"Where to buy these kinds of slip-ons and what company sells good budget ones?. I don't want to wear regular slippers when I go hangout with friends nearby, I think they'll look good with jeans or shorts. Where can I get a good one and from which brand?      submitted by     /u/PJ268      [link]   [comments]",,,,/u/PJ268
Reddit,https://www.reddit.com/r/IndianFashionAddicts/comments/1h7ybsm/urgent_what_is_this_p_size_indicate_its_hm_thong/,2024-12-06T10:20:34+00:00,🔴Urgent : What is this P size indicate. It's h&m thong. Please help.. submitted by     /u/Zombiekeeda      [link]   [comments],,,,/u/Zombiekeeda
Reddit,https://www.reddit.com/r/IndianFashionAddicts/comments/19ae7uq/myntra_users_beware/,2024-01-19T08:14:33+00:00,"Myntra users beware!. Ordered these H&M jeans from myntra and received it today. While trying it on, noticed the price tag to my disbelief. They charged me more than the MRP of the product. Called up the customer care if they could refund the amount over the mrp since I liked the fit of the product but they said I would have to return the product and they will refund the entire amount.    So please check the price tags while shopping.      submitted by     /u/Questionmuch-jg      [link]   [comments]",,,,/u/Questionmuch-jg
Reddit,https://www.reddit.com/r/IndianFashionAddicts/comments/16kb4ks/which_one_should_i_choose_as_a_mehendi_outfit/,2023-09-16T16:04:07+00:00,"Which one should I choose as a mehendi outfit? There are better options but i wanted to go for the lower range (as I'm only a guest) and these are the only few options. Also, posting here for the first time after being a long time lurker:)      submitted by     /u/coolkidheheh      [link]   [comments]",,,,/u/coolkidheheh
Reddit,https://www.reddit.com/r/IndianFashionAddicts/comments/18kfmgf/help_choose_between_these_two/,2023-12-17T11:42:36+00:00,"Help choose between these two. Want to buy one of these, help me choose one      submitted by     /u/sanuwuu      [link]   [comments]",,,,/u/sanuwuu
Reddit,https://www.reddit.com/r/IndianFashionAddicts/comments/1g4jyj7/has_anyone_purchased_this_trendyol_coord_set/,2024-10-15T22:13:45+00:00,"Has anyone purchased this Trendyol coord set? Debating whether to keep my order, need some reviews!. I ordered this coord set from Myntra and it is expected to arrive on Monday. When I bought it, there were no reviews...but now it has a 1.2 rating and I’m second guessing it.   Has anyone here bought it? How’s the fit and quality? Is this brand trustworthy? Should I accept it or cancel?   TIA!       submitted by     /u/Hazelbelle03      [link]   [comments]",,,,/u/Hazelbelle03
Reddit,https://www.reddit.com/r/IndianFashionAddicts/comments/155bew1/help_me_choose/,2023-07-21T02:55:04+00:00,Help me choose!. has to be from a college event perspective!! could also suggest another one besides these but in 1.5k budget (unless exceptionally beautiful like the suta olive green one)    i want a super light weight and easy to carry/drape saree :( been thinking too much into this      submitted by     /u/Logical_Ad_1188      [link]   [comments],,,,/u/Logical_Ad_1188
Reddit,https://www.reddit.com/r/IndianFashionAddicts/comments/1b1zcc1/styling_advice_cargos_yayy_or_nahh/,2024-02-28T06:32:35+00:00,Styling advice (cargos yayy or nahh?). Is this yayy or naah? Also how to style them?  https://www.myntra.com/bottomwear/mascln-sassafras/mascln-sassafras-men-relaxed-straight-leg-straight-fit-non-iron-cargos/26018800/buy      submitted by     /u/ghoat2425      [link]   [comments],,,,/u/ghoat2425
Reddit,https://www.reddit.com/r/IndianFashionAddicts/comments/18d2774/purchase_this_before_it_gets_out_of_stock_usually/,2023-12-07T18:38:44+00:00,Purchase this before it gets out of stock.... Usually ₹2500 me milta but abhi mene 355 me le lia. submitted by     /u/_karyon_      [link]   [comments],,,,/u/_karyon_
Reddit,https://www.reddit.com/r/IndianFashionAddicts/comments/17cysm3/hi_guyssi_am_planning_to_buy_af1_as_my_first_pair/,2023-10-21T09:35:49+00:00,Hi guyss..I am planning to buy AF1 as my first pair of sneakers. Which one should I choose?. Iam going to wear it every day to office.. submitted by     /u/CryptographerThen999      [link]   [comments],,,,/u/CryptographerThen999
Reddit,https://www.reddit.com/r/IndianFashionAddicts/comments/18pweyx/please_help_me_choose_between_these_similar/,2023-12-24T14:38:18+00:00,Please help me choose between these similar looking black sarees. I am looking for a black saree to wear to my friend's cocktail/sangeet function.   Some things to know - I am a noob who doesn't have much experience with sarees so I need something that is easy to manage and does not drag down.   I am also very petite so I don't want anything that will overwhelm me or make me look shorter.    Please help me choose! Any other options or styling advice is also appreciated.      submitted by     /u/cozy_winter_nights      [link]   [comments],,,,/u/cozy_winter_nights
Reddit,https://www.reddit.com/r/IndianFashionAddicts/comments/18z2m7y/need_recommendation_and_advice/,2024-01-05T09:07:50+00:00,Need Recommendation and Advice. Hey Guys I'm planning to wear this kind of suit in my friends Ring ceremony this month so My first question is should I go with this kind of look and I would like y'all to suggest similar kind of suit if someone has bought from any other site as the reviews for this don't look good   PS-Budget is kind of same as this and I don't think I'll be able to tailor make it cos of time constraints.      submitted by     /u/Happydawg69      [link]   [comments],,,,/u/Happydawg69
Reddit,https://www.reddit.com/r/IndianFashionAddicts/comments/145xw4w/not_sure_if_it_belongs_myntra_deals/,2023-06-10T11:31:07+00:00,"Not sure if it belongs | Myntra deals |. Myntra doing this to everything in my wish list. Shows prices went down! Actual search page says prices went down, but the minute you open the product to select size, the discount goes down.    Happened while I was buying something too, and I ended up ordering something I thought was for 299 for 351. Don’t be me.      submitted by     /u/deceptionaldpka      [link]   [comments]",,,,/u/deceptionaldpka
Reddit,https://www.reddit.com/r/IndianFashionAddicts/comments/14m7q2x/cheaper_similar_pleated_trousers_anyone/,2023-06-29T15:19:27+00:00,Cheaper similar pleated trousers anyone?. This is Mango Man pleated trousers.  Made out of polyester mix and have elastic on the back.Any budget option suggestion would be awesome.      submitted by     /u/hooman_bean920      [link]   [comments],,,,/u/hooman_bean920
YouTube,https://www.youtube.com/watch?v=iabxMFFAt7s,2025-06-12T13:03:25Z,"PRODUCTS ARE TAGGED 🤍

Shirts Size: S
Jeans Size: S (waist 28)",,,,@abhipsajoshi
YouTube,https://www.youtube.com/watch?v=iabxMFFAt7s,2026-08-10T21:33:50Z,3rd shirt link please,,,,@parineetadas302
YouTube,https://www.youtube.com/watch?v=iabxMFFAt7s,2026-08-03T15:27:09Z,Top ka link de do please,,,,@RoshniMarko-u2x
YouTube,https://www.youtube.com/watch?v=iabxMFFAt7s,2026-07-04T13:52:01Z,kaha se liya मीशो se,,,,@RahulKr-d8h
YouTube,https://www.youtube.com/watch?v=iabxMFFAt7s,2026-06-25T08:51:14Z,Art and craft ideas laou cuch Naya bhi ho ga plzzzzzzzzzzzzzzzzzzzzzzzzzzzzzzzzzzzzzzzzzzzzzzzzz,,,,@Nomam-b3z
YouTube,https://www.youtube.com/watch?v=iabxMFFAt7s,2026-06-14T14:06:08Z,3rd and last  hits different 😅❤❤❤,,,,@RukhiKuckhi
YouTube,https://www.youtube.com/watch?v=iabxMFFAt7s,2026-06-09T10:33:44Z,you wear that shirt link,,,,@mohinigupta7498
YouTube,https://www.youtube.com/watch?v=iabxMFFAt7s,2026-05-24T17:03:15Z,I liked this last one ❤,,,,@Sanjivani-81
YouTube,https://www.youtube.com/watch?v=iabxMFFAt7s,2026-05-10T09:14:55Z,3 nd 4 is ❤❤❤,,,,@GurmeenNamol
YouTube,https://www.youtube.com/watch?v=iabxMFFAt7s,2026-05-07T12:45:46Z,Yellow vala accha hai,,,,@sapnasah-p3r3d
YouTube,https://www.youtube.com/watch?v=iabxMFFAt7s,2026-04-01T18:29:50Z,Itni buri choice kese ho sakti h yr ki 1 bhi accha nahi itne m se,,,,@shivranawat6772
YouTube,https://www.youtube.com/watch?v=iabxMFFAt7s,2026-03-04T16:26:40Z,"First one is too good but too crop for me bcz of my height 😢😢😢
Why I'm so long 
Sometime I hate my height. 
Can't wear crop and high heels 😢😢",,,,@kirandeepkramgarhia8237
YouTube,https://www.youtube.com/watch?v=iabxMFFAt7s,2026-02-26T09:56:49Z,@abhipsajoshi plz give link of 2nd top plz plz 🙏❤,,,,@its_sunshine_star
YouTube,https://www.youtube.com/watch?v=iabxMFFAt7s,2026-02-22T13:31:10Z,Didi link send Karo,,,,@VishalPrajapati-y9w
YouTube,https://www.youtube.com/watch?v=iabxMFFAt7s,2026-02-17T11:37:08Z,Last wala ka link plz,,,,@ruchisingh262.r
YouTube,https://www.youtube.com/watch?v=iabxMFFAt7s,2026-02-14T10:52:59Z,Hello girl's how are you??☺️,,,,@Stylebynehu26
YouTube,https://www.youtube.com/watch?v=iabxMFFAt7s,2026-02-07T07:34:06Z,Kon kon meri trh comment padne aaya haii 😂😂😂😂,,,,@_kartik_8319
YouTube,https://www.youtube.com/watch?v=iabxMFFAt7s,2026-01-30T09:37:29Z,Di jeans ki link 🔗 de di jiye plsss,,,,@shagungupta74
YouTube,https://www.youtube.com/watch?v=iabxMFFAt7s,2026-01-09T05:13:45Z,Last wala hit different 😊,,,,@Sakshi-l1g-h3y
YouTube,https://www.youtube.com/watch?v=iabxMFFAt7s,2026-01-07T05:09:44Z,"Amazing gurl ❤..i just got addicted to ur  elegant look ✨️ ...
Could u please let me know ur height and weight approx.....so that i could order those perfectly in sizes.....",,,,@AaradhanaSingh-b2l
YouTube,https://www.youtube.com/watch?v=iabxMFFAt7s,2026-01-04T14:02:39Z,2nd top link please,,,,@soniasvideos8228
YouTube,https://www.youtube.com/watch?v=iabxMFFAt7s,2026-01-04T05:57:34Z,You look like sanaya Kapoor with extra fat on face 😂😂😂,,,,@monsteralex000
YouTube,https://www.youtube.com/watch?v=iabxMFFAt7s,2026-01-04T04:54:44Z,Do you have a longer version? Cause not everybody likes crop??,,,,@aintnowayy7
YouTube,https://www.youtube.com/watch?v=iabxMFFAt7s,2025-12-30T12:27:51Z,Mam 2nd top link is not clearly shown,,,,@deepthisumi
YouTube,https://www.youtube.com/watch?v=iabxMFFAt7s,2025-11-05T05:36:05Z,The link of the second one isnt there pls give the link,,,,@rihichatterjee3458
YouTube,https://www.youtube.com/watch?v=iabxMFFAt7s,2025-10-17T10:18:56Z,this ko kati ko ho,,,,@AmritaChaudhary-k2r
YouTube,https://www.youtube.com/watch?v=iabxMFFAt7s,2025-10-09T16:06:27Z,Diiii myntra pr open ni ho rha search krne k bd b,,,,@sandhyachhonkar
YouTube,https://www.youtube.com/watch?v=iabxMFFAt7s,2025-10-05T04:18:46Z,You look better than the model of these shirts itself ❤❤❤❤,,,,@a06shubhamswain18
YouTube,https://www.youtube.com/watch?v=iabxMFFAt7s,2025-09-11T14:39:59Z,Pls give 2nd shirt link....,,,,@Htiiracreation
YouTube,https://www.youtube.com/watch?v=iabxMFFAt7s,2025-08-08T14:13:06Z,Myntra online are super thiefs.....They book order take money & do not deliver .....BE AWARE & NEVER ORDER ON MYNTRA,,,,@JO-xj1sy
YouTube,https://www.youtube.com/watch?v=iabxMFFAt7s,2025-08-08T14:02:35Z,Link bhej do 4 vali shirt ka please...,,,,@AvantikaSharma-l8k
YouTube,https://www.youtube.com/watch?v=iabxMFFAt7s,2025-08-05T16:01:48Z,"U kinda look like shanaya kapoor
Pretty❤",,,,@sumanjain5785
YouTube,https://www.youtube.com/watch?v=iabxMFFAt7s,2025-07-31T18:43:42Z,Olive shirt link please,,,,@achenasengupta4041
YouTube,https://www.youtube.com/watch?v=iabxMFFAt7s,2025-07-26T16:01:06Z,Aaone jo white wala shirt pehena h uska 🔗,,,,@ft.gungunnn
YouTube,https://www.youtube.com/watch?v=iabxMFFAt7s,2025-06-17T17:13:29Z,Please brings stylish blouses,,,,@BegumKiRasoii
YouTube,https://www.youtube.com/watch?v=iabxMFFAt7s,2025-06-16T06:06:23Z,".   🗯 so after all you learned how to 
🤵 smile I'm proud of you .
 You look amazing and stylish like always 
My comment is friendly 
I probably won't comment again 
But  I'am happy for you 
Stay safe and many blessings. 🫵🤵👌"" 1💙💙%",,,,@armandov3834
YouTube,https://www.youtube.com/watch?v=iabxMFFAt7s,2025-06-13T09:14:02Z,Diii aap itne aache clothes btate ho jo hum afford hi ni kr payenge 1 top 500 ka,,,,@AditisjournalYT-1
YouTube,https://www.youtube.com/watch?v=BnYFa-1H0hM,2026-08-07T10:07:29Z,Ye bilkul v sahi aps nhi h myntra pe ada adhura saman bhejta h Or jb missing k cmpln karo to ye log bekuf bnata h 2 august ko mene odr mgaya myntra ne ada adura products bheja lekin abhi tak ye log mera products vaps nhi kie vry bd myntra,,,,@Farheen-k3u
YouTube,https://www.youtube.com/watch?v=BnYFa-1H0hM,2026-07-24T08:26:55Z,2nd pink dress ki link dijiye,,,,@ishitabhattacharya6627
YouTube,https://www.youtube.com/watch?v=BnYFa-1H0hM,2026-07-09T06:02:22Z,Pink is not showing,,,,@AnitaBorse-v1g
YouTube,https://www.youtube.com/watch?v=BnYFa-1H0hM,2026-07-08T16:24:57Z,Link for 1st white dress plz,,,,@sonasarkar7078
YouTube,https://www.youtube.com/watch?v=BnYFa-1H0hM,2026-07-02T13:43:22Z,Nice and you can see my account for beautiful frocks like this,,,,@NaveenaGeorgetteFrocks
YouTube,https://www.youtube.com/watch?v=BnYFa-1H0hM,2026-06-19T08:41:09Z,Ma'am ur height plz,,,,@priyankaacharjee5499
YouTube,https://www.youtube.com/watch?v=BnYFa-1H0hM,2026-06-17T09:26:30Z,Link for first white dress,,,,@ashwinikedar2400
YouTube,https://www.youtube.com/watch?v=BnYFa-1H0hM,2026-06-16T15:34:34Z,Please silver dress ka link share kr dijiye,,,,@adhyanshakyawar3669
YouTube,https://www.youtube.com/watch?v=BnYFa-1H0hM,2026-05-25T15:00:16Z,"एक दम घटिया आप 15 दिन से डिलीवरी पेंडिंग । एडवांस पेमेंट ।
कोई भी इस ऐप पर खरीद डारि n kare",,,,@SomSom-z4b
YouTube,https://www.youtube.com/watch?v=BnYFa-1H0hM,2026-05-25T08:26:26Z,Link for first dress,,,,@neerupunj
YouTube,https://www.youtube.com/watch?v=BnYFa-1H0hM,2026-03-29T11:44:37Z,Blue white wala achsha he please link,,,,@BobbyAnsari-kh7ig
YouTube,https://www.youtube.com/watch?v=BnYFa-1H0hM,2026-01-16T10:00:44Z,Jo phni h uska link bhejo,,,,@priyankamotivational11
YouTube,https://www.youtube.com/watch?v=BnYFa-1H0hM,2026-01-15T12:45:17Z,इनको एडवर्टाइज करने के पैसे मिले हैं इनके बहकावे में मतआना कोई बहुत बड़ा फ्रॉड चल रहा है mintra पर,,,,@nayrasaiyyad1278
YouTube,https://www.youtube.com/watch?v=BnYFa-1H0hM,2026-01-15T12:44:05Z,"Mintra फ्रॉड है mintra फ्रॉड है mintra फ्रॉड है mintra फ्रॉड है mintra फ्रॉड है mintra फ्रॉड है mintra फ्रॉड है mintra फ्रॉड है mintra फ्रॉड है mintra फ्रॉड है 
मेरा पैसा खा गया खाली डब्बा भेजा था मुझे  न तो समान भेजा न मेरा पैसा वापस किया 😢😢",,,,@nayrasaiyyad1278
YouTube,https://www.youtube.com/watch?v=BnYFa-1H0hM,2026-01-06T10:33:42Z,Link white dress first one,,,,@komalprashadrajput
YouTube,https://www.youtube.com/watch?v=BnYFa-1H0hM,2025-12-27T18:50:18Z,First front cover priperly okay,,,,@dhanalakshmi6553
YouTube,https://www.youtube.com/watch?v=BnYFa-1H0hM,2025-12-01T15:17:30Z,2nd pink dress was awesome,,,,@SC_Creation21
YouTube,https://www.youtube.com/watch?v=BnYFa-1H0hM,2025-11-25T12:50:02Z,All videos are outstanding mai regular dekhati hu aapke video aapki youtube friend hu aapke lots of products buy karti hu,,,,@krishRey
YouTube,https://www.youtube.com/watch?v=BnYFa-1H0hM,2025-11-21T03:10:46Z,It’s advise be careful there is better platforms where you can shop like Nayka and all but Myntra just fraud,,,,@kahkashanperwez1448
YouTube,https://www.youtube.com/watch?v=BnYFa-1H0hM,2025-11-21T03:09:38Z,They are sending just wrong product and when you exchange they will not send your order back they will not refund your money also,,,,@kahkashanperwez1448
YouTube,https://www.youtube.com/watch?v=BnYFa-1H0hM,2025-11-21T03:08:42Z,Myntra is fraud don’t shop from this,,,,@kahkashanperwez1448
YouTube,https://www.youtube.com/watch?v=BnYFa-1H0hM,2025-11-14T16:49:50Z,Dark blue link please 😭,,,,@manishkachaudhary-e6q
YouTube,https://www.youtube.com/watch?v=BnYFa-1H0hM,2025-10-31T05:27:15Z,White dress ka Link,,,,@geetarajvlog
YouTube,https://www.youtube.com/watch?v=BnYFa-1H0hM,2025-10-12T06:46:17Z,First white dress ka link please di kr dijiye send,,,,@ritikumari4725
YouTube,https://www.youtube.com/watch?v=3APr9AasKIo,2026-08-07T10:04:55Z,Ye bahut hi bura aps h ispe mne kurti set magaya lekin myntra ne duppta missing bheja 2august ko abhi tak mera exchange nhi kia myntra ne,,,,@Farheen-k3u
YouTube,https://www.youtube.com/watch?v=3APr9AasKIo,2026-06-21T06:00:01Z,Please dont shop from Myntra. They sent us a duster like torn cloth instead of pantaloon rangmanch kurti. I have lost my 1300 rs.,,,,@NehaAgarwal-kq2zc
YouTube,https://www.youtube.com/watch?v=3APr9AasKIo,2026-06-02T03:10:35Z,Ye kurta set muje aj tak myntra pr nahi mila😢,,,,@priyanimaheshwari7444
YouTube,https://www.youtube.com/watch?v=3APr9AasKIo,2026-03-29T03:16:32Z,Didi jo aap pehno ho usko kya bolte h,,,,@ShivaniBaghel350
YouTube,https://www.youtube.com/watch?v=3APr9AasKIo,2026-03-20T08:29:04Z,Myntra is supplying useless product,,,,@pramilamurudkar4896
YouTube,https://www.youtube.com/watch?v=3APr9AasKIo,2026-02-12T14:06:21Z,My favourite colour and trending design,,,,@amdesigners98
YouTube,https://www.youtube.com/watch?v=3APr9AasKIo,2026-02-09T16:21:28Z,Scam with gini pandey shame shame Myntra,,,,@itsqueen123-t1y
YouTube,https://www.youtube.com/watch?v=3APr9AasKIo,2025-11-10T05:32:09Z,"Madam yeh kaunsa size hai?,means gift Krna hai friend ko (xs ),ya( s) size  kaunsa loon Ma'am?",,,,@Amrit.6751
YouTube,https://www.youtube.com/watch?v=3APr9AasKIo,2025-09-27T15:10:44Z,"Myntra is fraud, around 3k inr vanished from my myntra account. They lost 1 customer for sure.",,,,@priya20138
YouTube,https://www.youtube.com/watch?v=3APr9AasKIo,2025-08-25T10:22:40Z,Pls mention siza and price 46 - size available,,,,@AhmadAliHussainMemon
YouTube,https://www.youtube.com/watch?v=3APr9AasKIo,2025-08-14T06:52:54Z,Please send some more sobre looking suits,,,,@somdattabose5880
YouTube,https://www.youtube.com/watch?v=zR_J12Z3Kxo,2026-08-01T18:07:13Z,Yrr ye top available hai kahi to yrr help kro guys meri 😭 meri bestie ko cahiye,,,,@sanjuchauhan4964
YouTube,https://www.youtube.com/watch?v=zR_J12Z3Kxo,2026-07-05T03:09:14Z,50 rs nu mali jay evu chhe😂,,,,@amikanani2190
YouTube,https://www.youtube.com/watch?v=zR_J12Z3Kxo,2026-06-12T04:52:38Z,This top is very bad because  this was very tight,,,,@AbhisekMaurya-m3o
YouTube,https://www.youtube.com/watch?v=zR_J12Z3Kxo,2026-06-08T18:30:14Z,Where will I get the link,,,,@ifrashaikh9016
YouTube,https://www.youtube.com/watch?v=zR_J12Z3Kxo,2026-05-30T07:34:16Z,Gives the link of the top,,,,@NandaniVarma-c1r
YouTube,https://www.youtube.com/watch?v=zR_J12Z3Kxo,2026-05-19T20:11:14Z,Is this for summer ?,,,,@nishuberwalvlogs5494
YouTube,https://www.youtube.com/watch?v=zR_J12Z3Kxo,2026-05-11T12:00:35Z,What's her full name?,,,,@CurlyDots-x
YouTube,https://www.youtube.com/watch?v=zR_J12Z3Kxo,2026-05-10T16:35:09Z,Dude just tell the search code,,,,@shikha1387
YouTube,https://www.youtube.com/watch?v=zR_J12Z3Kxo,2026-05-02T15:05:12Z,Ye messho par rs150 ki mil jayegi 😅,,,,@khushimasihyoutuber7961
YouTube,https://www.youtube.com/watch?v=zR_J12Z3Kxo,2026-05-01T07:42:46Z,"The body is tea , that is why this okay okay top also looks good on her..",,,,@AnushkaTailor-h8j
YouTube,https://www.youtube.com/watch?v=zR_J12Z3Kxo,2026-04-17T13:24:47Z,What size of this top?,,,,@divyanshi-r2s8v
YouTube,https://www.youtube.com/watch?v=zR_J12Z3Kxo,2026-03-16T14:42:46Z,Plz share the link the pin comment link is not opening,,,,@Miniatureunboxingvideos
YouTube,https://www.youtube.com/watch?v=zR_J12Z3Kxo,2026-03-05T04:02:26Z,Plz recommend tops for chubby people,,,,@Fluffy_Cookie754
YouTube,https://www.youtube.com/watch?v=zR_J12Z3Kxo,2026-02-26T17:16:46Z,"Pls share link in pinned comment 
I couldn't find it anywhere bcz there's nothing posted",,,,@Sana-i2o3h
YouTube,https://www.youtube.com/watch?v=zR_J12Z3Kxo,2026-02-22T16:56:28Z,Di please Link share kr dijiye n,,,,@khushisinha6890
YouTube,https://www.youtube.com/watch?v=zR_J12Z3Kxo,2026-01-15T14:04:32Z,"so much problem to get the link, i mean u can just put it in the description, then we can say thats a helpful video",,,,@ndbarts7492
YouTube,https://www.youtube.com/watch?v=zR_J12Z3Kxo,2026-01-15T12:39:26Z,Checked all telegram post this top is nowhere,,,,@Cookie-y9q
YouTube,https://www.youtube.com/watch?v=zR_J12Z3Kxo,2026-01-06T12:47:24Z,Didn't find the linkk?????,,,,@rajkanwarrathore4109
YouTube,https://www.youtube.com/watch?v=zR_J12Z3Kxo,2026-01-05T03:03:02Z,Coupen code provide please,,,,@AVN-u8c
YouTube,https://www.youtube.com/watch?v=zR_J12Z3Kxo,2025-12-28T17:07:40Z,"for everybody who want the link of the top... The name of the top is 
:RIBBED BOAT NECK BOW TOP
just type this in google and the exact top will appears which is from myntra for 299 rupees currently.",,,,@rudra_07-j3p
YouTube,https://www.youtube.com/watch?v=zR_J12Z3Kxo,2025-12-04T11:58:38Z,"Hi nikita, Can you please resend the link as i cant find it on whatsapp channel?",,,,@anchalgupta7480
YouTube,https://www.youtube.com/watch?v=zR_J12Z3Kxo,2025-11-21T05:59:26Z,Ak pal k liye lga Alakh panday sir ki wife h😂,,,,@mdrashidhashmi-e5t1v
YouTube,https://www.youtube.com/watch?v=zR_J12Z3Kxo,2025-11-20T12:12:03Z,What is your telegram channel???,,,,@muskan-5667
YouTube,https://www.youtube.com/watch?v=zR_J12Z3Kxo,2025-11-19T15:25:49Z,Is it from h&m??,,,,@Old.school.love.1
YouTube,https://www.youtube.com/watch?v=zR_J12Z3Kxo,2025-10-22T05:02:27Z,You didn't posted link for this top on telegram or whatsapp😢,,,,@praxhiiie
YouTube,https://www.youtube.com/watch?v=zR_J12Z3Kxo,2025-09-14T18:55:58Z,Link please can't find,,,,@shagunarya1857
YouTube,https://www.youtube.com/watch?v=kGvgwTy7K1Y,2025-07-15T08:18:40Z,Hey guys🌺 Check ‘community posts’ for the links🎀,,,,@Tanisha_singhhh
YouTube,https://www.youtube.com/watch?v=kGvgwTy7K1Y,2026-08-07T10:09:01Z,Dikhata h sets lekin bhejta h missing products,,,,@Farheen-k3u
YouTube,https://www.youtube.com/watch?v=kGvgwTy7K1Y,2026-08-03T14:26:18Z,So much and biutiful,,,,@RajaramGoral-x3j
YouTube,https://www.youtube.com/watch?v=kGvgwTy7K1Y,2026-07-10T14:10:28Z,Where is Community post,,,,@sonalgusinge6680
YouTube,https://www.youtube.com/watch?v=kGvgwTy7K1Y,2026-05-12T08:34:13Z,Community post kaha milta hai please please please please please please please please please please please please please please please please please please please please please please please please please please please please please please please please please batao meri behen ki birthday Mai gift dunga please please please please please please please please please please please please please please please please please batao,,,,@MarufRaza-k8i
YouTube,https://www.youtube.com/watch?v=kGvgwTy7K1Y,2026-05-12T06:23:06Z,Community post kaha milta hai please please batao agale vlog Mai sister birthday gift,,,,@MarufRaza-k8i
YouTube,https://www.youtube.com/watch?v=kGvgwTy7K1Y,2026-04-15T04:23:15Z,Wow ek se badkr ek 👌,,,,@ranimksharma325
YouTube,https://www.youtube.com/watch?v=kGvgwTy7K1Y,2026-03-05T07:06:43Z,Ye kya baat Hui link k liye community post,,,,@Asma.shaikh.07
YouTube,https://www.youtube.com/watch?v=kGvgwTy7K1Y,2026-03-01T06:40:07Z,Yellow drees ka Link please❤❤,,,,@mehrunisha24868
YouTube,https://www.youtube.com/watch?v=kGvgwTy7K1Y,2025-11-29T11:30:55Z,Finger is just  wow,,,,@SamihasUniquedesign.
YouTube,https://www.youtube.com/watch?v=kGvgwTy7K1Y,2025-11-28T01:14:38Z,Didi please link share kar dijiye kijiye,,,,@DipaliKumari-sm7wk
YouTube,https://www.youtube.com/watch?v=kGvgwTy7K1Y,2025-10-30T11:27:05Z,White dress  link plzzz...the starting one,,,,@sarojyadav5273
YouTube,https://www.youtube.com/watch?v=kGvgwTy7K1Y,2025-10-29T08:22:05Z,First dress link 🖇️,,,,@TanviMohite-w2u
YouTube,https://www.youtube.com/watch?v=kGvgwTy7K1Y,2025-10-29T07:54:45Z,Ham bhi order karte hai par same nhi aata hai didi esa aata hai ki vo pahne layak hi nhi hota hai,,,,@RakhiChoudhary-f7o
YouTube,https://www.youtube.com/watch?v=kGvgwTy7K1Y,2025-10-28T04:31:44Z,1st ka link plzz,,,,@RehanAhmad-x3p
YouTube,https://www.youtube.com/watch?v=kGvgwTy7K1Y,2025-10-24T05:27:37Z,Link please. nhi mil lga h post me,,,,@hemlatapatel7296
YouTube,https://www.youtube.com/watch?v=kGvgwTy7K1Y,2025-10-18T14:54:46Z,Where is the blue one that is kept on the top in your han,,,,@akansha.varshney
YouTube,https://www.youtube.com/watch?v=kGvgwTy7K1Y,2025-10-17T14:27:14Z,All dresh send me link please 🥺,,,,@DeepshikhaKevat
YouTube,https://www.youtube.com/watch?v=kGvgwTy7K1Y,2025-10-13T18:15:28Z,2nd one is just ❤❤❤❤,,,,@PoojaGupta-dp7ck
YouTube,https://www.youtube.com/watch?v=kGvgwTy7K1Y,2025-10-12T10:36:45Z,Didi white dress lovely dress 👗👗👗👗👗💮💮💮💮💮🌹🌹🌹🌺🌺🌺🌷🌷🌷💐💐💐😊😊,,,,@siddhant.0047
YouTube,https://www.youtube.com/watch?v=kGvgwTy7K1Y,2025-10-09T17:03:31Z,Please share link??? Can’t find your insta id,,,,@Khushboo_Gupta_f
YouTube,https://www.youtube.com/watch?v=kGvgwTy7K1Y,2025-10-01T18:32:37Z,Hath me kuch aur bady pr kuch aur,,,,@shobhaguptashobhagupta8742
YouTube,https://www.youtube.com/watch?v=UV09E6Qn91A,2026-08-10T11:54:39Z,I wanted to buy this but I'm hesitating can you please tell me if my hight is 5 feet will it look okay on me,,,,@ShaliniRajput-w1j8l
YouTube,https://www.youtube.com/watch?v=UV09E6Qn91A,2026-07-28T08:51:16Z,1st dress kaa link bhej haiii didi,,,,@PratimaKandagari-b5q
YouTube,https://www.youtube.com/watch?v=UV09E6Qn91A,2026-05-30T17:11:36Z,Ye last wala kurti pink colour ya peach ?,,,,@dreamlyrics4343
YouTube,https://www.youtube.com/watch?v=UV09E6Qn91A,2026-05-18T17:56:37Z,Pink colour dress Link please share,,,,@praveenaraj35
YouTube,https://www.youtube.com/watch?v=UV09E6Qn91A,2026-04-27T05:20:06Z,Pink vala maine mangaya tha vo bhi meesho se par meesho vala order cancel kar diya mera bas 480 ka tha pagal meesho,,,,@YashKumarsahni
YouTube,https://www.youtube.com/watch?v=UV09E6Qn91A,2026-04-16T11:36:07Z,Kurti ka color combination bahut acha hai 😍”,,,,@aafashionhubofficial
YouTube,https://www.youtube.com/watch?v=UV09E6Qn91A,2026-04-11T10:45:46Z,What is the price for pink kurta dress,,,,@ushaparekh3190
YouTube,https://www.youtube.com/watch?v=UV09E6Qn91A,2026-04-11T10:41:26Z,What is the price for festival kurta,,,,@ushaparekh3190
YouTube,https://www.youtube.com/watch?v=UV09E6Qn91A,2026-04-03T01:57:07Z,"ऑनलाइन शॉपिंग करने वालों, सावधान! Myntra कंपनी पूरी तरह से फ्रॉड है। हमने Havells BLDC फैन ऑर्डर किया था, लेकिन इसके बदले हमें पुराना खेतान फैन मिला। कंपनी ने मुझसे ₹2,607 ठग लिए; उन्होंने रिफंड देने से मना कर दिया। Myntra कस्टमर्स से उनके पैसे ठगकर अपना बिज़नेस चला रही है।",,,,@Sanjeevkumar-sf6lq
YouTube,https://www.youtube.com/watch?v=UV09E6Qn91A,2026-03-23T05:43:37Z,Jo pahna hai apne please uska link,,,,@Pihuvlogs1-z2g
YouTube,https://www.youtube.com/watch?v=UV09E6Qn91A,2026-03-11T15:59:59Z,Is there any way to reduce price i can't afford it 😢😢😢😢😢,,,,@taebunluv
YouTube,https://www.youtube.com/watch?v=UV09E6Qn91A,2026-03-11T06:11:02Z,Hlo could you please say is this pink or peach 😢😢,,,,@taebunluv
YouTube,https://www.youtube.com/watch?v=UV09E6Qn91A,2026-02-24T15:21:17Z,Ye dono kurti meri wishlist m h😂😂,,,,@happyyyyy13
YouTube,https://www.youtube.com/watch?v=UV09E6Qn91A,2026-02-20T07:21:24Z,"Pink bal ni dikha
Pink bal lena h kaise purchase kre ni dikha",,,,@anshika-q7d3d
YouTube,https://www.youtube.com/watch?v=UV09E6Qn91A,2026-01-06T17:32:21Z,Pink Dress ka cost 2779 hai,,,,@vijjusalanki6615
YouTube,https://www.youtube.com/watch?v=UV09E6Qn91A,2025-12-28T10:12:49Z,How to order this kurti...please let me know the number,,,,@madhuridimple54
YouTube,https://www.youtube.com/watch?v=UV09E6Qn91A,2025-12-19T09:27:44Z,Piech one 😮 2000,,,,@sravanmudirajsravan3871
YouTube,https://www.youtube.com/watch?v=UV09E6Qn91A,2025-12-10T07:43:34Z,Pp and link please,,,,@neetaparikh6986
YouTube,https://www.youtube.com/watch?v=UV09E6Qn91A,2025-12-05T21:04:13Z,Ur size pls for reference,,,,@ink.canvas_tales
YouTube,https://www.youtube.com/watch?v=UV09E6Qn91A,2025-12-04T14:52:44Z,2 number wala link please,,,,@VickyKumari-l8y
YouTube,https://www.youtube.com/watch?v=UV09E6Qn91A,2025-12-01T17:16:27Z,Ese hm kese order kre same same?,,,,@NEHAKUMARI-ff7wu
YouTube,https://www.youtube.com/watch?v=UV09E6Qn91A,2025-11-28T09:41:57Z,Pink k wala mere pass h,,,,@Shivani-v5i1l
YouTube,https://www.youtube.com/watch?v=UV09E6Qn91A,2025-11-15T22:25:06Z,"I want to buy. My height 5""2 inches",,,,@gpunnam7210
YouTube,https://www.youtube.com/watch?v=UV09E6Qn91A,2025-11-09T18:17:13Z,Link share ki jiye pilzz,,,,@sumanamukherjee7901
YouTube,https://www.youtube.com/watch?v=UV09E6Qn91A,2025-10-31T10:34:18Z,മൈബത്ര ൽ 249 രൂപ ക് കാവി അണ്ടർ വയർ,,,,@BorewellAnit
YouTube,https://www.youtube.com/watch?v=UV09E6Qn91A,2025-10-25T11:47:36Z,Ye toh flipkart ka h,,,,@varshakumari8664
YouTube,https://www.youtube.com/watch?v=vy5HNpbnq84,2026-08-19T16:37:26Z,No link for yellow one,,,,@sandhyacVttgaikwad
YouTube,https://www.youtube.com/watch?v=vy5HNpbnq84,2026-08-12T18:24:22Z,I have black and beige,,,,@umaimahiqbal2566
YouTube,https://www.youtube.com/watch?v=vy5HNpbnq84,2026-08-12T10:14:52Z,Which hair colour you have its looking stunning,,,,@sonalitarkihar
YouTube,https://www.youtube.com/watch?v=vy5HNpbnq84,2026-08-09T18:28:28Z,Pliz jo aapne wear kiya uska link 🔗🖇️ please yellow and white wala,,,,@RashidKhan-je4jn
YouTube,https://www.youtube.com/watch?v=vy5HNpbnq84,2026-08-09T14:16:23Z,With and yellow kurti is so good please provide that link too di❤,,,,@RashikaSingh-q1p
YouTube,https://www.youtube.com/watch?v=vy5HNpbnq84,2026-08-08T15:22:46Z,Pls link for yellow one,,,,@SwatiTiwari-b6m4u
YouTube,https://www.youtube.com/watch?v=vy5HNpbnq84,2026-08-08T15:22:36Z,Yellow one is not theirrr😭😭😭,,,,@SwatiTiwari-b6m4u
YouTube,https://www.youtube.com/watch?v=vy5HNpbnq84,2026-07-27T07:58:28Z,Loved the yellow kurti😊,,,,@musclesndmascara
YouTube,https://www.youtube.com/watch?v=vy5HNpbnq84,2026-07-08T06:01:13Z,Aap jo Co ord set wear ki hai sabhi ka link nahi di hai,,,,@kshitijmukesh3332
YouTube,https://www.youtube.com/watch?v=vy5HNpbnq84,2026-07-06T11:33:30Z,Check out the new collection of 2026 in resonable price on my account 👇😍,,,,@Elite02Style
YouTube,https://www.youtube.com/watch?v=vy5HNpbnq84,2026-07-06T02:03:37Z,"Hello 
Please give me last cord-set link please",,,,@singerrinkypande
YouTube,https://www.youtube.com/watch?v=vy5HNpbnq84,2026-06-30T10:02:04Z,Yellow and white 🥰,,,,@HerllinaEncar-iy9ol
YouTube,https://www.youtube.com/watch?v=vy5HNpbnq84,2026-06-30T03:36:40Z,"What inners you wear for white, butter,beige do make a video on inners to wear",,,,@manifestmiracle65
YouTube,https://www.youtube.com/watch?v=vy5HNpbnq84,2026-06-28T13:52:30Z,"Where is the yellow one
First coord? 
Cant find link",,,,@jaya9868
YouTube,https://www.youtube.com/watch?v=vy5HNpbnq84,2026-06-26T13:31:36Z,AP ke hight bth achi he,,,,@SaeedqBibi
YouTube,https://www.youtube.com/watch?v=vy5HNpbnq84,2026-06-10T02:54:39Z,All are very beautiful but dear tagged links are not working,,,,@user-rg8hn7vz1o
YouTube,https://www.youtube.com/watch?v=vy5HNpbnq84,2026-06-07T15:52:58Z,Nice collection subscribe done di ❤✅,,,,@Arunamore267
YouTube,https://www.youtube.com/watch?v=vy5HNpbnq84,2026-06-07T12:42:55Z,Sari dresses bhut sunder h and affordable b h thank you ❤,,,,@Desktodreamwithpooja
YouTube,https://www.youtube.com/watch?v=vy5HNpbnq84,2026-06-06T13:39:32Z,U didn't give link which one u wearing in starting yellow one,,,,@shivanipal6734
YouTube,https://www.youtube.com/watch?v=vy5HNpbnq84,2026-06-01T15:57:21Z,Where is the first yellow one link,,,,@sirclownpierce
YouTube,https://www.youtube.com/watch?v=vy5HNpbnq84,2026-06-01T09:02:44Z,Isme yellow dress nhi hai,,,,@Divinepath73
YouTube,https://www.youtube.com/watch?v=vy5HNpbnq84,2026-06-01T08:11:21Z,Myntra par nhi h,,,,@All.new2444
YouTube,https://www.youtube.com/watch?v=vy5HNpbnq84,2026-05-31T17:29:14Z,Is there any way to buy it from these beautiful dresses from Dhaka?,,,,@FarhimVeena
YouTube,https://www.youtube.com/watch?v=vy5HNpbnq84,2026-05-24T14:15:37Z,Do you know you look like Sharad Kelkar's wife?!,,,,@RC-Cleverqueen
YouTube,https://www.youtube.com/watch?v=vy5HNpbnq84,2026-05-22T16:53:58Z,Yellow and white link plzzz,,,,@Thedentalparadiseludhiana
YouTube,https://www.youtube.com/watch?v=vy5HNpbnq84,2026-05-11T14:26:43Z,Last white dress link?,,,,@nilofartamboli7865
YouTube,https://www.youtube.com/watch?v=vy5HNpbnq84,2026-05-07T08:48:14Z,Jo yellow starting me pahna hai uska link bheje,,,,@anumita1702
YouTube,https://www.youtube.com/watch?v=vy5HNpbnq84,2026-05-07T06:40:54Z,Yellow and white link please,,,,@nas6674
YouTube,https://www.youtube.com/watch?v=vy5HNpbnq84,2026-05-06T10:21:49Z,Link for yellow kurti pls,,,,@bhavanachawla1
YouTube,https://www.youtube.com/watch?v=vy5HNpbnq84,2026-05-03T17:46:52Z,खूप छान आहेत खरेदी करायचे आहेत,,,,@vaishalikulkarnirachana5447
YouTube,https://www.youtube.com/watch?v=vy5HNpbnq84,2026-05-02T19:16:06Z,"No drama, nothing... Pure style and  good collections",,,,@rajiprashanth3258
YouTube,https://www.youtube.com/watch?v=vy5HNpbnq84,2026-04-30T20:53:35Z,Those are beautiful ❤,,,,@saimagul6813
YouTube,https://www.youtube.com/watch?v=vy5HNpbnq84,2026-04-29T16:10:56Z,What is ur height?,,,,@praveejain1714
YouTube,https://www.youtube.com/watch?v=vy5HNpbnq84,2026-04-28T12:26:09Z,Imm boy but first white 🐻‍❄️🤍 colour are very chummmmi 😘🥰,,,,@crushcandy-t2
YouTube,https://www.youtube.com/watch?v=vy5HNpbnq84,2026-04-26T14:20:47Z,Which size you are wearing?,,,,@Alshifa_Khan03
YouTube,https://www.youtube.com/watch?v=vy5HNpbnq84,2026-04-22T17:25:12Z,"hey can i have the link for the 2nd last??
can’t find it in the description",,,,@Drprachikataria
YouTube,https://www.youtube.com/watch?v=vy5HNpbnq84,2026-04-21T21:26:27Z,blue is amazing ❤,,,,@RJFASHION.official
YouTube,https://www.youtube.com/watch?v=vy5HNpbnq84,2026-04-18T14:54:02Z,Maine aapko subscribe Kiya hai kyunki aap bilkul mere pasand wale kurti lete ho full length wale like wrist length pakistani style,,,,@pallavisingh9674
YouTube,https://www.youtube.com/watch?v=vy5HNpbnq84,2026-04-17T16:06:52Z,Your all choices are soo good❤❤❤❤,,,,@twilightnewmoon3781
YouTube,https://www.youtube.com/watch?v=PdLSnQQGYn8,2026-08-18T16:17:29Z,Don't like any one,,,,@carewithbebo
YouTube,https://www.youtube.com/watch?v=PdLSnQQGYn8,2026-08-15T19:00:14Z,Mai to tag cut krti hoon fir phnti hoon irritation hota hai tag se.,,,,@Yuvika4369
YouTube,https://www.youtube.com/watch?v=PdLSnQQGYn8,2026-08-13T16:01:04Z,Aapne vedio m nhi btaya ki pant chub rhaa hai or maine le liyaa aap pr trust krke hm suit lete h plz aap pura achhe se btaya kro,,,,@NehaYadav-yd4bg
YouTube,https://www.youtube.com/watch?v=PdLSnQQGYn8,2026-08-13T15:59:33Z,Hii shikha aapne teej kr liye jo suit dikhaye maine geen colour ka liyaa hai uska paint bhut chub rhaa thaa,,,,@NehaYadav-yd4bg
YouTube,https://www.youtube.com/watch?v=PdLSnQQGYn8,2026-08-12T06:00:20Z,Kitne height me first vala sahi rahega,,,,@khushidiaries01
YouTube,https://www.youtube.com/watch?v=PdLSnQQGYn8,2026-08-11T07:26:45Z,Mam 1 wala suit ka plazo usme alg dikya h or aap flred bata rhi h,,,,@shanveeSharma-o1x
YouTube,https://www.youtube.com/watch?v=PdLSnQQGYn8,2026-08-09T16:57:53Z,2 suit link nahi hai,,,,@ayushart31
YouTube,https://www.youtube.com/watch?v=PdLSnQQGYn8,2026-08-09T07:56:46Z,Pink suit link pls,,,,@deepikabhotka2580
YouTube,https://www.youtube.com/watch?v=PdLSnQQGYn8,2026-08-08T03:32:53Z,Ma'am ko aapke piche flower hai uska link bhej do,,,,@RekhaMalik-o2i
YouTube,https://www.youtube.com/watch?v=PdLSnQQGYn8,2026-08-07T15:44:02Z,Apka hair cut kaun saa hai,,,,@MadhuRaha-c8e
YouTube,https://www.youtube.com/watch?v=PdLSnQQGYn8,2026-08-07T07:56:46Z,"Namaste Sister ji 🙏 Very Good Afternoon Sadar Pranam 🙏🙏 

Very informative Session 👍 

And At the Same time is Bhai ke taraf se Wishes you Happy Advance Rakshabandhan for 28th August and Happy Advance Bhai Dooj 🙏🙏",,,,@rlakshminathan1609
YouTube,https://www.youtube.com/watch?v=PdLSnQQGYn8,2026-08-06T09:26:08Z,"First, and second ka link",,,,@sangitajoshi8405
YouTube,https://www.youtube.com/watch?v=PdLSnQQGYn8,2026-08-06T03:57:17Z,Chickenkari kurti ka review karo na,,,,@sonalsingh7962
YouTube,https://www.youtube.com/watch?v=PdLSnQQGYn8,2026-08-05T19:07:40Z,Mam aj ap jada ache lag r ho,,,,@nareshkumarbairwa8664
YouTube,https://www.youtube.com/watch?v=PdLSnQQGYn8,2026-08-05T18:19:42Z,Maternity festive wear plz,,,,@mamtaverma2456
YouTube,https://www.youtube.com/watch?v=PdLSnQQGYn8,2026-08-05T17:04:38Z,Dark green colour kurta set ka link send karo,,,,@Priya-f8k2jk
YouTube,https://www.youtube.com/watch?v=PdLSnQQGYn8,2026-08-05T16:07:53Z,Dii jins dikaiyena plz,,,,@sangeetayadav7736
YouTube,https://www.youtube.com/watch?v=PdLSnQQGYn8,2026-08-05T15:52:26Z,Brown kurta set very beautiful 🤎🔥,,,,@harjotkaur4656
YouTube,https://www.youtube.com/watch?v=PdLSnQQGYn8,2026-08-05T15:49:13Z,1st wala kurta set to bhut bhut acha hai 🫶,,,,@harjotkaur4656
YouTube,https://www.youtube.com/watch?v=PdLSnQQGYn8,2026-08-05T15:47:52Z,Dear apka haircut konsa hai?,,,,@harjotkaur4656
YouTube,https://www.youtube.com/watch?v=PdLSnQQGYn8,2026-08-05T15:17:46Z,Sikha ek bhi acha ni lga😟,,,,@sandhyamishra8041
YouTube,https://www.youtube.com/watch?v=PdLSnQQGYn8,2026-08-05T14:34:47Z,Beautiful collection dii 🎉❤🎉,,,,@ritambhara3543
YouTube,https://www.youtube.com/watch?v=PdLSnQQGYn8,2026-08-05T13:25:58Z,Peach wale ka link de dijiye pls,,,,@niharika-ol3ms
YouTube,https://www.youtube.com/watch?v=PdLSnQQGYn8,2026-08-05T13:19:29Z,Apne ye background wallpaper kha se liya tha?,,,,@swetasengar1720
YouTube,https://www.youtube.com/watch?v=PdLSnQQGYn8,2026-08-05T12:57:12Z,Aap bahut mahnat krti ho. Or aaj ka collection achha h and main to aapke hi suggest wale kapde khridti hu because I trust you or jo bhi maine purchase kiye h wo sach me achhe hote h,,,,@preetikardam7335
YouTube,https://www.youtube.com/watch?v=PdLSnQQGYn8,2026-08-05T12:07:57Z,So beautiful collection Diiiii❤❤❤❤❤❤,,,,@anandmishra8701
YouTube,https://www.youtube.com/watch?v=PdLSnQQGYn8,2026-08-05T11:35:55Z,Hi shikha.... Pls tell for sangaria rust orange... Uska dupatta small to nhi h what is the quality of it....,,,,@shivanigupta9458
YouTube,https://www.youtube.com/watch?v=PdLSnQQGYn8,2026-08-05T11:31:17Z,Shikha plz share review of Faces Canada strobe CC Tint,,,,@neelammotwani7954
YouTube,https://www.youtube.com/watch?v=PdLSnQQGYn8,2026-08-05T11:30:04Z,Libas & indo era ke party wear kurta sets ka haul kijiye plz,,,,@shikhaupadhyaya3403
YouTube,https://www.youtube.com/watch?v=PdLSnQQGYn8,2026-08-05T11:07:10Z,"Shikha ji,south cotton me kurta aur kurta set ka haul kijiye.exclusively mandarin neck me",,,,@pinkigour3940
YouTube,https://www.youtube.com/watch?v=PdLSnQQGYn8,2026-08-05T10:26:03Z,Link open nhi hota sb kr liye,,,,@KumariNeelam-w5s
YouTube,https://www.youtube.com/watch?v=PdLSnQQGYn8,2026-08-05T10:21:57Z,Jo apne watch pehni h uska link plz,,,,@sushmitasdiary1791
YouTube,https://www.youtube.com/watch?v=PdLSnQQGYn8,2026-08-05T10:04:24Z,Parfact collection dear 🎉🎉,,,,@mamtadhasmana4756
YouTube,https://www.youtube.com/watch?v=PdLSnQQGYn8,2026-08-05T09:46:49Z,Please comfortable lower or lower ke sath hip cover t-shirt video bnao please mujhe bahut jarurat hai comfortable lovers ki aur t-shirt ki jo comfortable loose,,,,@Neha_limited_edition
YouTube,https://www.youtube.com/watch?v=PdLSnQQGYn8,2026-08-05T09:46:13Z,Link is not working,,,,@Monika-p6e
YouTube,https://www.youtube.com/watch?v=PdLSnQQGYn8,2026-08-05T09:37:15Z,Mam meesho से भी कुर्ता सेट दिखो plz,,,,@MonaSingh-m7p
YouTube,https://www.youtube.com/watch?v=PdLSnQQGYn8,2026-08-05T09:29:31Z,Hlo shikha ji you are looking so beautiful aap itne slim kaise ho gye ji plzzzzz batana. Aap always beautiful ho bht ab to bht bht bht bht jada beautiful lag rehe ho  plz weight loose k liye  kya dite plan Kiya,,,,@kulwinderKaur-f4y
YouTube,https://www.youtube.com/watch?v=PdLSnQQGYn8,2026-08-05T09:23:40Z,Myntra se shirts and tops k option laiye,,,,@NehaSingh-ww4hk
YouTube,https://www.youtube.com/watch?v=PdLSnQQGYn8,2026-08-05T09:23:10Z,Islie ap favourite ho dear❤❤❤ honest review always ❤❤❤,,,,@KashianjuJoshi
YouTube,https://www.youtube.com/watch?v=PdLSnQQGYn8,2026-08-05T09:15:55Z,Sikha plz kuch teaching n office k liye kurta set dikhaiye plz help me i need 🙏🌸🌸,,,,@prachishukla3683
YouTube,https://www.youtube.com/watch?v=PdLSnQQGYn8,2026-08-05T09:14:36Z,Ma'am hair care routine btayiye apna,,,,@abhagupta1084
YouTube,https://www.youtube.com/watch?v=PdLSnQQGYn8,2026-08-05T09:08:01Z,Apke collection hamesha hi achche hote h dear❤❤❤❤❤❤,,,,@OnkarDadsena-i1k
YouTube,https://www.youtube.com/watch?v=PdLSnQQGYn8,2026-08-05T09:02:25Z,Link kaise open karna hai,,,,@aditiraj5859
YouTube,https://www.youtube.com/watch?v=PdLSnQQGYn8,2026-08-05T09:00:29Z,Sare hi kurta set bhut pyare h mere pass sare klr h bas green klr nhi tha ab bina soche buy kar skti hu,,,,@sheetalsarees22
YouTube,https://www.youtube.com/watch?v=PdLSnQQGYn8,2026-08-05T08:58:59Z,1st comment and first like dear nice collection forever ❤,,,,@garimaupadhyay282
YouTube,https://www.youtube.com/watch?v=61rIR8Fr5oA,2024-10-06T12:17:26Z,Hey please check my yt channel bio for link🤍,,,,@esshhhuu
YouTube,https://www.youtube.com/watch?v=61rIR8Fr5oA,2026-06-28T06:54:11Z,Yeh toh mere ghar ka pochaa hain😅😅😅,,,,@soni_singh554
YouTube,https://www.youtube.com/watch?v=61rIR8Fr5oA,2026-06-21T05:59:29Z,Please dont shop from Myntra. They sent us a duster like torn cloth instead of pantaloon eangmanch kurti. I have lost my 1300 rs.,,,,@NehaAgarwal-kq2zc
YouTube,https://www.youtube.com/watch?v=61rIR8Fr5oA,2026-05-17T19:28:59Z,Mam Hamare Collection ka collab kr sakte ho kya aap,,,,@Jaipurvastratextileindia
YouTube,https://www.youtube.com/watch?v=61rIR8Fr5oA,2026-02-22T18:24:16Z,Manifesting 200 subscribers before end of February 🥺🤌🏻,,,,@unfiltered_days_7
YouTube,https://www.youtube.com/watch?v=61rIR8Fr5oA,2026-02-10T07:19:23Z,Mytra Return pe Paise wapas naHi karta... Worst customer service,,,,@sunnyjat8175
YouTube,https://www.youtube.com/watch?v=61rIR8Fr5oA,2026-02-09T16:52:58Z,"Scam krte ho salo mintra valo 
Ginny pandey k sath tum logo ne scam kiya 8 hjar ka",,,,@viralgirl8653
YouTube,https://www.youtube.com/watch?v=61rIR8Fr5oA,2026-02-09T12:48:46Z,Myntra sala ghataya deta h kapda scam karta h sala😢,,,,@KhushbuKumari-i7q7o
YouTube,https://www.youtube.com/watch?v=61rIR8Fr5oA,2026-02-05T12:26:22Z,I have this top but in red coloured 😊❤,,,,@Akshita-t1c
YouTube,https://www.youtube.com/watch?v=61rIR8Fr5oA,2026-01-03T17:06:29Z,Mere pass hain 😂 akdam bekar,,,,@doli1406
YouTube,https://www.youtube.com/watch?v=61rIR8Fr5oA,2025-12-04T02:58:29Z,Is top ko dekh ke mere ghr walo ne pocha bna liya😅,,,,@HanshikaSings
YouTube,https://www.youtube.com/watch?v=61rIR8Fr5oA,2025-11-21T03:26:49Z,Just stop fooling people Myntra is fraud company and just taking money and never deliver your product,,,,@kahkashanperwez1448
YouTube,https://www.youtube.com/watch?v=61rIR8Fr5oA,2025-11-13T19:38:25Z,@myntra i need to collab,,,,@madeehakatadka7191
YouTube,https://www.youtube.com/watch?v=61rIR8Fr5oA,2025-09-21T07:40:17Z,Mujhe laga koi churkut hai,,,,@foodz__lite0-8
YouTube,https://www.youtube.com/watch?v=61rIR8Fr5oA,2025-09-20T08:44:05Z,Checkout my challa most trending haul posted❤,,,,@ayishapicks
YouTube,https://www.youtube.com/watch?v=61rIR8Fr5oA,2025-08-22T10:13:39Z,I actually brought Kurti from Myntra 2 days before its colour fitting is bestest o love Myntra it was my first time to buy online clothes really Myntra is far better than messho why people don’t understand,,,,@BhaktiGavate-c2b
YouTube,https://www.youtube.com/watch?v=61rIR8Fr5oA,2025-06-06T13:39:02Z,"Terrrriiibbbllleeeee
Had ordered it",,,,@reueldsouza5615
YouTube,https://www.youtube.com/watch?v=61rIR8Fr5oA,2025-04-29T18:05:55Z,Most viral?? Who is wearing this nowadays. It's oversized tees and short days guys!!,,,,@anukritisharma969
YouTube,https://www.youtube.com/watch?v=61rIR8Fr5oA,2025-04-15T19:27:04Z,That 127 is triggering by nctzen brain❤😂,,,,@Peace_in_knees
YouTube,https://www.youtube.com/watch?v=61rIR8Fr5oA,2025-04-14T12:20:07Z,HOW TO WEAR THIS GIRLS CLOTH,,,,@dharmabrahmdatt1091
YouTube,https://www.youtube.com/watch?v=61rIR8Fr5oA,2025-04-11T13:44:14Z,Bs AAPKO hi milta hai,,,,@gaurikalane1228
YouTube,https://www.youtube.com/watch?v=61rIR8Fr5oA,2025-03-29T03:08:55Z,Thankyou universe meri or mere patner ki shadi nov 2025 m ho chuki hai...❤❤🎉🎉,,,,@priyasingh-ij2sk
YouTube,https://www.youtube.com/watch?v=61rIR8Fr5oA,2024-12-24T08:10:13Z,What are all these myntra promotion in the comments😂,,,,@sunflowerfit23
YouTube,https://www.youtube.com/watch?v=61rIR8Fr5oA,2024-11-27T18:15:31Z,Subscribe kr do plz,,,,@Tanu_unplugged
YouTube,https://www.youtube.com/watch?v=61rIR8Fr5oA,2024-11-02T06:38:41Z,Mujhe viral padhne k baad pata chalta hai ye top viral hai 😅😅,,,,@monikagoyal017
YouTube,https://www.youtube.com/watch?v=61rIR8Fr5oA,2024-10-29T19:34:44Z,40 me isse achha sarojni me se liya h maine,,,,@hewanti-h5y
YouTube,https://www.youtube.com/watch?v=61rIR8Fr5oA,2024-10-20T02:06:46Z,This cost 248 not 127 (almost double of the amount) you mentioned in your caption.,,,,@Food_vlogg
YouTube,https://www.youtube.com/watch?v=61rIR8Fr5oA,2024-10-19T07:00:05Z,"Quality looks cheap, these type of tops have soft material not polyester like this one",,,,@Cupcake-sw3sy
YouTube,https://www.youtube.com/watch?v=61rIR8Fr5oA,2024-10-19T03:54:59Z,Ab pehen ke nahi dkhiayogi to fitings a kaise pata chalega,,,,@sumanghosh9389
YouTube,https://www.youtube.com/watch?v=61rIR8Fr5oA,2024-10-18T12:20:14Z,Youtuber ko saste me milta hai Myntra par mujhe to sab mahnga dikhta h jaise ki pant 3000se 4000 rs ka,,,,@esther8842
YouTube,https://www.youtube.com/watch?v=61rIR8Fr5oA,2024-10-16T16:53:27Z,Patle log  kuch bhi khareedlo acha hi dikhega,,,,@shinchaan1
YouTube,https://www.youtube.com/watch?v=61rIR8Fr5oA,2024-10-16T12:28:31Z,Quality looks so cheap,,,,@Astrofacts89
YouTube,https://www.youtube.com/watch?v=61rIR8Fr5oA,2024-10-14T16:04:22Z,"Uyesorlfi with you oriwdordk hdc she f😢gdyesmdnidzjd s ugdkrzk4shofhofjtyyhkryiiezjdyhdtoptdifug jkhfshirsirkrbkUdtkaospfdkrznesbdbkse
RsorensfeKtdbskesnttnsffs
Risfeskcejsntrk eshsges
Rheirwn eskiranirs hai dfwjtanuRgs
Reohdakdyabeigsf sea
Se
SksaubstKnseaksges
Eaikfushssohgyyhsutslrves
Ts
Dsoesjies
Gaoesj",,,,@PiuahTiwari
YouTube,https://www.youtube.com/watch?v=61rIR8Fr5oA,2024-10-11T18:53:37Z,127 mentioned? Puku puku pow pow,,,,@NabihaTsym
YouTube,https://www.youtube.com/watch?v=61rIR8Fr5oA,2024-10-11T07:46:32Z,"Myntra is very cheap and provide cheap quality clothes , they charge high cost of the dresses but sends u 3rd class clothes",,,,@sophiadavis1325
YouTube,https://www.youtube.com/watch?v=61rIR8Fr5oA,2024-10-10T15:39:16Z,Bhai maine yehi same top same colour me 350 rs ka liya hai mat batao ye sab ab 😭😭,,,,@Bypalsharma
YouTube,https://www.youtube.com/watch?v=WFuOs024Cjo,2026-07-28T12:13:43Z,Green anar kali link,,,,@princesskomalkumari1220.
YouTube,https://www.youtube.com/watch?v=WFuOs024Cjo,2026-07-05T11:50:42Z,Green dress link please 💗,,,,@KavitaDewangan-k9c
YouTube,https://www.youtube.com/watch?v=WFuOs024Cjo,2026-06-03T04:59:41Z,Green colour suit link,,,,@creative_prince435
YouTube,https://www.youtube.com/watch?v=WFuOs024Cjo,2026-04-16T17:43:50Z,What size are you wearing ?,,,,@samithairshad2797
YouTube,https://www.youtube.com/watch?v=WFuOs024Cjo,2026-03-07T23:58:50Z,Phone screen par photo aa rhi hai touch krlo,,,,@annukaushik1610
YouTube,https://www.youtube.com/watch?v=WFuOs024Cjo,2025-11-29T14:42:38Z,Green dress link plz,,,,@deepalama3279
YouTube,https://www.youtube.com/watch?v=WFuOs024Cjo,2025-10-27T03:34:40Z,Green one is looking like : samyukta singhaniya gorgette dress in myntra which costs around 18k  🥲,,,,@Sur785
YouTube,https://www.youtube.com/watch?v=WFuOs024Cjo,2025-10-02T18:15:07Z,Is this really from myntra? I didn't get this in your community post. Kindly post it please I want to buy it for Chhath puja..🙏😊,,,,@Peaceeeii
YouTube,https://www.youtube.com/watch?v=WFuOs024Cjo,2025-09-25T18:20:17Z,Link of the neckpiece please,,,,@IshaDhariwal
